scene_number,shot_number,generation_number,verbatim_instructions,lens,aspect_ratio,quality,curated_description,fountain_description,fountain_text,iteration_history,characters,location,generation_method,iteration_count,source_frame,estimated_cost,prompt,output_file,status,endpoint
,1,1,Isometric shot of murky hotel room. Shirtless man with tattoos lies on unmade bed. Bed against wall with window left. Morning light cutting through curtains. Beer bottles on dresser right.,35mm,4:3,medium,"Scene: murky hotel room morning. Bed against wall, window left. Subject: shirtless tattooed man on unmade bed. Important details: isometric angle ~7ft high, 35mm, morning light through curtains. Desaturated murky palette.",,,,,,,,,,[full prompt from v1 generation],shot_isometric_hotel.png,generated,
,2,2,Same shot but make it scope 2.39:1 and wider lens — 28mm,28mm,2.388:1,medium,"Same scene. Camera on right side looking left. Left wall vertical from bottom to top. Bed parallel to wall. 28mm, anamorphic scope.",,,,,,,,,,[full prompt from v2 generation],shot_isometric_hotel_scope.png,generated,
11,2,3,"Wall should run bottom to top, bed parallel to left wall. Use v1 composition. Edited to scope via image-to-image.",28mm,2.39:1,medium,Scene #11 — Motel Room (scope edit). Isometric angle ~7ft high. Left wall vertical plane from bottom to top. Bed parallel to left wall receding. Camera on right side looking left. Shirtless man with tattoos on unmade bed. Morning light through curtains. Beer bottles on dresser. Desaturated murky palette. 28mm anamorphic scope. Image-to-image edit: expanded frame to 2.39:1 from original 4:3.,,"INT. MOTEL ROOM - DAY #11#

Tight on Ben, waking. Unshaven, heavy around the eyes.

He is alone in a cheap room. Early morning light seeping through the blinds. Two single beds: the one he's in and the other hosting an open suitcase.","Source: shot_isometric_hotel.png (1024×768, generated ~11:08). Image-to-image scope edit → 2560×1072. Then 'less grubby' → shot_hotel_v2_clean.png. Then JRM face swap → waif_hotel_jrm.png (edit: 'Replace the shirtless tattooed man lying on the bed with actor Jonathan Rhys Meyers, also shirtless with a tattoo on his wrist.').",Ben,Motel Room,edit,1,shot_isometric_hotel.png,$0.04,"Expand the frame to anamorphic 2.39:1 widescreen. Keep the exact same composition, camera angle, subject position, and lighting. Extend the left and right sides of the room to fill the wider frame. The bed, window, dresser, and shirtless tattooed man must remain in the same positions relative to each other. Change nothing about the scene except the aspect ratio.",shot_hotel_v1_scope_edit.png,approved,/v1/images/edits (multipart/form-data POST)
11,1,4,"Extreme isometric close-up — JRM as Ben waking in motel, head on pillow, unshaven, striped by morning light through blinds.",28mm,2.39:1,medium,"Scene #11 — Motel Room. Extreme isometric close-up of Jonathan Rhys Meyers as Ben waking in a cheap motel bed. Head on pillow, unshaven, heavy-eyed. Morning light through venetian blinds casting stripes across his face and the rumpled sheets. Desaturated murky palette. Scope 2.39:1.",,"INT. MOTEL ROOM - DAY #11#

Tight on Ben, waking. Unshaven, heavy around the eyes.

He is alone in a cheap room. Early morning light seeping through the blinds. Two single beds: the one he's in and the other hosting an open suitcase.","v1 single generation. User rejected ('not good, needs more gaunt, head against pillow, tighter close-up'). A v2 was attempted but interrupted at msg 133955-133956.",Ben (JRM),Motel Room,generation,1,,$0.04,"Extreme isometric close-up of a man's face, eyes snapping open. He is unshaven, heavy around the eyes, gaunt. Cheap motel room bed in the background with rumpled sheets. Early morning light seeping through blinds, casting striped shadows across his face. A second single bed with an open suitcase. Desaturated palette, cool shadows, morning gloom. Photorealistic cinematic still from an indie horror film.",waif_sc_11.png,selected,/v1/images/generations (JSON POST)
12,1,5,"JRM as Ben shaving in motel bathroom mirror. Heavier under eyes, no moustache, unclean mirror with smudges, hard side-light, eye level. Not telephoto enough — more compressed and tighter, desaturated. v5.","telephoto (long lens, compressed)",2.39:1,medium,"Scene #12 — Motel Bathroom. Extremely tight telephoto close-up of Jonathan Rhys Meyers as Ben shaving in a motel bathroom mirror. Shot from far away with a very long telephoto lens creating strong compression — face fills the frame with shallow depth of field. Heavy bags under eyes, dark circles, no moustache. Unclean mirror with smudges. Hard dramatic side-light casting deep shadows across gaunt features. Camera at eye level. Loosely buttoned shirt, no tattoos visible. Highly desaturated almost-monochrome cool palette. Grimy bathroom tiles. Iterated through v1→v5 (composition, lens, desaturation, JRM face).",,"INT. BATHROOM - MOTEL ROOM - DAY #12#

Ben shaves with an electric razor. He is wearing a shirt and suit jacket.","v1 (non-JRM): waif_sc_12.png — 'Medium close-up through a motel bathroom window frame of a gaunt tattooed man shaving with electric razor. He wears a loosely buttoned shirt and suit jacket.' → v2 JRM: waif_sc_12_jrm.png — image-to-image, replace figure with JRM → v2 tight: 'Tighter. He must be more gaunt.' crop edit → v3: text-to-image — 'Older looking. Unclean mirror surface. Harder side-light. More telephoto but same frame, slightly elevated to eye level. Eyes visible in mirror, older weathered skin with lines.' → v4: text-to-image — 'Extremely tight telephoto close-up of Jonathan Rhys Meyers as a gaunt man shaving in a motel bathroom mirror. Shot from far away with a very long telephoto lens, creating strong compression so his face fills the frame with shallow depth of field. Heavy bags under eyes, dark circles, no moustache. Unclean mirror with smudges. Hard dramatic side-light.' → v5 (this file): image-to-image on v4 to improve JRM facial likeness.",Ben (JRM),Motel Bathroom,generation,5,,$0.20,"Improve the facial likeness to actor Jonathan Rhys Meyers. Make his face look more like JRM — sharp features, distinctive jawline, intense eyes. Keep everything else the same: extremely tight telephoto compression, heavy under eyes, no moustache, unclean mirror smudges, hard side-light, desaturated cool palette, loosely buttoned shirt, shaving with electric razor, motel bathroom. Only improve the facial likeness.",waif_sc_12_jrm_v5.png,selected,/v1/images/edits (multipart/form-data POST)
14,1,6,"Replace with Jonathan Rhys-Meyers as Ben. Jacket and jeans. Motel exterior catwalk, carrying trash bag.",28mm (isometric high angle),2.39:1,medium,Scene #14 — Motel Exterior Catwalk. High angle isometric view of ground-floor motel. Jonathan Rhys Meyers as Ben in a suit jacket and jeans walks along the catwalk carrying a black trash bag. Neighbor sitting on deckchair outside his open door ahead. Edge of leaf-filled swimming pool visible right. Autumn leaves scattered. Overcast morning light. Desaturated palette. Image-to-image edit: original frame had generic figure on catwalk; replaced with JRM in jacket and jeans.,,"EXT. MOTEL - DAY #14#

Ben locks his door and carries the trash bag with him.

The motel is next to an outdoor pool, which sits covered in autumn leaves. He passes a NEIGHBOR, who is parked outside his room on a deck chair.

Ben dumps the bottles in the dumpster.","Original: shot_motel_exterior.png (1024×768) — 'High angle isometric establishing shot of a ground-floor motel. A tattooed man in a shirt and jacket walks down the outdoor catwalk between rooms, carrying a black trash bag. A heavyset male guest sits on a deckchair outside his open-door room ahead. The edge of a swimming pool filled with autumn leaves is visible on the right side.' → Scope edit: shot_motel_exterior_scope.png → 'Tighter and less grubby': shot_motel_exterior_v2.png → Renamed to waif_sc_14.png → This JRM edit applied to waif_sc_14.png.","Ben (JRM), Neighbor",Motel Exterior — Catwalk,edit,1,waif_sc_14.png,$0.04,"Replace the man walking on the motel catwalk with actor Jonathan Rhys Meyers wearing a suit jacket and jeans, carrying a black trash bag. Keep everything else exactly the same: high angle isometric view of ground-floor motel, neighbor sitting on deckchair outside his open door ahead, edge of leaf-filled pool visible right, autumn leaves, desaturated palette, overcast morning light. Only change the figure to JRM in jacket and jeans.",waif_sc_14_jrm.png,selected,/v1/images/edits (multipart/form-data POST)
15,1,7,"Telephoto close-up — JRM as Ben driving F-250, autumn trees reflected in windshield. No tattoos visible.",telephoto,2.39:1,medium,"Scene #15 — Pickup Drive. Telephoto close-up of Jonathan Rhys Meyers as Ben driving his Ford F-250 pickup. Shot from a distance with a long lens for compressed perspective. Gaunt, post-divorce, hollow-cheeked. Autumn trees and overcast sky reflected in the windshield. No tattoos visible (long sleeves, hands on wheel). Heading toward Broken Bow. Desaturated cool palette. Scope 2.39:1.",,"INT. PICKUP (MOVING) - NEW YORK STATE - DAY #15#

Ben drives. He turns on the radio.

Music. It cuts in and out. He cranks the dial... tries to fix it. No good, the sound keeps going in and out.

He kills it and drives silently.","v1: waif_sc_15.png — text-to-image. 'Tight mount shot from the front interior of a Ford F-250 pickup truck, looking at the driver through the windshield. A gaunt tattooed man in a shirt and jacket is driving, staring ahead. Reflection of passing autumn trees in the windshield glass.' → v2 tighter: 'Much tighter lens on ben (at least 300% tighter). Less tattoos.' → crop: waif_sc_15_crop.png — PIL 200% center crop, no API call → JRM v1: waif_sc_15_jrm.png — image-to-image 'Replace the man driving with actor Jonathan Rhys Meyers.' → JRM notats: Remove hand tattoos → JRM bright: 'Brighter but still moody, reflection of passing autumn trees on the glass.' → JRM v2 final (this file): Darker, more moody, more telephoto compression.",Ben (JRM),Pickup Truck — Highway,generation,2,,$0.08,"Make this image darker and more moody while keeping visibility. Increase telephoto compression effect. Keep JRM driving F-250. Make the autumn tree reflections still visible on windshield glass. The view behind the windshield should show the road and passing scenery distinctly. No hand tattoos. Desaturated cool palette, darker exposure, moody atmosphere.",waif_sc_15_jrm_v2.png,selected,/v1/images/edits (multipart/form-data POST)
16,1,8,Make the shot much wider and more elevated. Car park should be busier. He should be wearing jeans. v3.,28mm (elevated wide),2.39:1,medium,"Scene #16 — Municipal Courthouse Exterior. Wide elevated establishing shot of a grey municipal courthouse with glass doors, viewed from high above the carpark. A battered Ford F-250 pickup is parked in the foreground left. Jonathan Rhys Meyers as a gaunt man in a suit jacket and jeans walks up the steps toward the glass entrance, his back to the camera. Several people and cars fill the carpark and walkways below. Autumn leaves scattered everywhere. Overcast morning light. Desaturated cool palette. Iterated v1→v2→v3 (wider, more elevated, busier carpark, jeans).",,"EXT. MUNICIPAL COURT BUILDING - DAY #16#

Ben moves up the steps. His gait is heavy and slow. He pushes through glass doors.

MARIE'S LAWYER (O.S.)
It is her intention to refinance and remove his name from the chain.","v1: waif_sc_16.png — first generation (user described as 'test image'). → v2 wider: 'Wide elevated establishing shot of a grey municipal courthouse with glass doors, viewed from high above the carpark. A battered Ford F-250 pickup is parked in the foreground left. Several people and cars fill the carpark and walkways below. Autumn leaves scattered everywhere. Very wide composition, elevated camera angle.' → v3 final (this file): Straight-on angle, building on right side, space on left. Front-on, not elevated.",Ben (JRM),Municipal Courthouse — Exterior,generation,3,,$0.12,"Front-on wide shot of a grey municipal courthouse with glass doors and a wide paved forecourt. The building is positioned to the right side of the frame, leaving space on the left. A battered Ford F-250 pickup is parked in the foreground left. Jonathan Rhys Meyers as a gaunt man in a suit jacket and jeans walks up the steps toward the entrance, his back to the camera. Several people and cars fill the carpark. Autumn leaves scattered. Overcast morning light, grey sky. Desaturated cool palette. Photorealistic cinematic still from an indie horror film. Straight-on angle, not elevated.",waif_sc_16_v3.png,selected,/v1/images/generations (JSON POST)
